<?xml version="1.0" encoding="UTF-8"?>
<project-private xmlns="http://www.netbeans.org/ns/project-private/1">
    <editor-bookmarks xmlns="http://www.netbeans.org/ns/editor-bookmarks/2" lastBookmarkId="0"/>
    <open-files xmlns="http://www.netbeans.org/ns/projectui-open-files/2">
        <group>
            <file>file:/C:/Users/Kadeem/eclipse-workspace/GroupGame/src/com/Group/Rect.java</file>
            <file>file:/C:/Users/Kadeem/eclipse-workspace/GroupGame/src/com/Group/Group.java</file>
            <file>file:/C:/Users/Kadeem/eclipse-workspace/GroupGame/src/com/Group/CharacterClass.java</file>
            <file>file:/C:/Users/Kadeem/eclipse-workspace/GroupGame/src/com/Group/Enemy.java</file>
        </group>
    </open-files>
</project-private>
